{"cameraMode":{"drawMode":0,"name":"Shaded","section":"Shading Mode"},"sceneLighting":false,"audioPlay":false,"sceneViewState":{"showFog":true,"showMaterialUpdate":false,"showSkybox":true,"showFlares":true,"showImageEffects":true,"showParticleSystems":true},"in2DMode":false,"pivot":{"x":-0.36291491985321047,"y":0.5801858901977539,"z":0.1576519012451172},"rotation":{"x":0.33837947249412539,"y":-0.29608485102653506,"z":0.11307716369628906,"w":0.8860285878181458},"size":4.049160003662109,"orthographic":false}