{"cameraMode":{"drawMode":0,"name":"Shaded","section":"Shading Mode"},"sceneLighting":false,"audioPlay":false,"sceneViewState":{"showFog":true,"showMaterialUpdate":false,"showSkybox":true,"showFlares":true,"showImageEffects":true,"showParticleSystems":true},"in2DMode":false,"pivot":{"x":-3.5762786865234377e-7,"y":0.7780580520629883,"z":-0.000540904700756073},"rotation":{"x":0.33837947249412539,"y":-0.29608485102653506,"z":0.11307716369628906,"w":0.8860285878181458},"size":9.526314735412598,"orthographic":false}