{"cameraMode":{"drawMode":0,"name":"Shaded","section":"Shading Mode"},"sceneLighting":false,"audioPlay":false,"sceneViewState":{"showFog":true,"showMaterialUpdate":false,"showSkybox":true,"showFlares":true,"showImageEffects":true,"showParticleSystems":true},"in2DMode":false,"pivot":{"x":-43.689998626708987,"y":0.3163983225822449,"z":3.769131660461426},"rotation":{"x":-0.20722414553165437,"y":-0.2542998492717743,"z":0.055881842970848086,"w":-0.9430095553398132},"size":3.119755506515503,"orthographic":false}