{"cameraMode":{"drawMode":0,"name":"Shaded","section":"Shading Mode"},"sceneLighting":false,"audioPlay":false,"sceneViewState":{"showFog":true,"showMaterialUpdate":false,"showSkybox":true,"showFlares":true,"showImageEffects":true,"showParticleSystems":true},"in2DMode":false,"pivot":{"x":0.0,"y":2.5286402702331545,"z":0.5096135139465332},"rotation":{"x":-0.26517924666404726,"y":-0.11335717886686325,"z":0.031411297619342807,"w":-0.9569970965385437},"size":20.066808700561525,"orthographic":false}