{"cameraMode":{"drawMode":0,"name":"Shaded","section":"Shading Mode"},"sceneLighting":false,"audioPlay":false,"sceneViewState":{"showFog":true,"showMaterialUpdate":false,"showSkybox":true,"showFlares":true,"showImageEffects":true,"showParticleSystems":true},"in2DMode":false,"pivot":{"x":-4.206686973571777,"y":1.3361315727233887,"z":0.9917083978652954},"rotation":{"x":0.22449703514575959,"y":0.1974862515926361,"z":-0.046516139060258868,"w":0.9531193971633911},"size":7.045774936676025,"orthographic":false}